Title,URL
"Flower Top, 8046  Zürich",https://www.hofsuche.schweizerbauern.ch/de/farm/flower-top-9766/vomhof
"Ritzmann-Müller Betriebsgemeinschaft, 8459 Volken",https://www.hofsuche.schweizerbauern.ch/de/farm/ritzmann-mueller-betriebsgemeinschaft-13796/vomhof
"Bauernhof Familie Werffeli, 8104 Weiningen",https://www.hofsuche.schweizerbauern.ch/de/farm/bauernhof-familie-werffeli-9118/vomhof
"Hof zur Au, 8165 Schleinikon",https://www.hofsuche.schweizerbauern.ch/de/farm/hof-zur-au-12143/vomhof
"Sonnhaldenhof, 5610 Wohlen",https://www.hofsuche.schweizerbauern.ch/de/farm/sonnhaldenhof-9121/vomhof
"Streulis Privatbrennerei, 8810 Horgen",https://www.hofsuche.schweizerbauern.ch/de/farm/streulis-privatbrennerei-9652/vomhof
"Bio Waidhof, 8052 Zürich",https://www.hofsuche.schweizerbauern.ch/de/farm/bio-waidhof-421/vomhof
"Gfellerhof und Kämatten, 8051 Zürich",https://www.hofsuche.schweizerbauern.ch/de/farm/gfellerhof-und-kaematten-1253/vomhof
"Schumacher Agrobetrieb, 8046 Zürich",https://www.hofsuche.schweizerbauern.ch/de/farm/schumacher-agrobetrieb-11926/vomhof
"Riedenholzhof, 8052 Zürich",https://www.hofsuche.schweizerbauern.ch/de/farm/riedenholzhof-720/vomhof
"Pfister Gemüsebau, 8427 Freienstein",https://www.hofsuche.schweizerbauern.ch/de/farm/pfister-gemuesebau-11821/vomhof
"Gutsbetrieb Oeschberg, 3425 Koppigen",https://www.hofsuche.schweizerbauern.ch/de/farm/gutsbetrieb-oeschberg-1906/vomhof
"peter-rickenbach.ch, 8545 Rickenbach",https://www.hofsuche.schweizerbauern.ch/de/farm/peter-rickenbach-ch-9613/vomhof
"Bihr Rosengartenprodukte, 8344 Bäretswil",https://www.hofsuche.schweizerbauern.ch/de/farm/bihr-rosengartenprodukte-8876/vomhof
"Gemüsebau Rinderknecht, 8427 Freienstein",https://www.hofsuche.schweizerbauern.ch/de/farm/gemuesebau-rinderknecht-9940/vomhof
"Hofladen Langwies, Ringlikon, 8142 Uitikon Waldegg",https://www.hofsuche.schweizerbauern.ch/de/farm/hofladen-langwies-ringlikon-796/vomhof
"Steigacher, 8311 Brütten",https://www.hofsuche.schweizerbauern.ch/de/farm/steigacher-1956/vomhof
"Brachland, 8608 Bubikon",https://www.hofsuche.schweizerbauern.ch/de/farm/brachland-1242/vomhof
"Weingut Gehring, 8427  Freienstein",https://www.hofsuche.schweizerbauern.ch/de/farm/weingut-gehring-9763/vomhof
"Widem, 8164 Bachs",https://www.hofsuche.schweizerbauern.ch/de/farm/widem-1997/vomhof
"Gutsbetrieb Uf-Stocken, 8802 Kilchberg",https://www.hofsuche.schweizerbauern.ch/de/farm/gutsbetrieb-uf-stocken-1259/vomhof
"Brachers Blumenfeld, 3423 Ersigen",https://www.hofsuche.schweizerbauern.ch/de/farm/brachers-blumenfeld-12369/vomhof
"Bergli Christbaum, 8707 Uetikon am See",https://www.hofsuche.schweizerbauern.ch/de/farm/bergli-christbaum-11134/vomhof
"Gemüse vom Ankenhof, 8102 Oberengstringen",https://www.hofsuche.schweizerbauern.ch/de/farm/gemuese-vom-ankenhof-10116/vomhof
"Egghof, 3429 Höchstetten",https://www.hofsuche.schweizerbauern.ch/de/farm/egghof-10590/vomhof
"Litzibuch, 8966 Oberwil-Lieli",https://www.hofsuche.schweizerbauern.ch/de/farm/litzibuch-292/vomhof
"BungertHof, 8415 Berg am Irchel",https://www.hofsuche.schweizerbauern.ch/de/farm/bungerthof-15182/vomhof
"Traub Bio-Gemüse Eichhof, 5608 Stetten",https://www.hofsuche.schweizerbauern.ch/de/farm/traub-bio-gemuese-eichhof-11913/vomhof
"Hofkäserei im Basi, 8953 Dietikon",https://www.hofsuche.schweizerbauern.ch/de/farm/hofkaeserei-im-basi-11380/vomhof
"Erdbeer- und Kefenfeld, Widmers Selbstpflückparadies , 3429 Höchstetten",https://www.hofsuche.schweizerbauern.ch/de/farm/erdbeer-und-kefenfeld-widmers-selbstpflueckparadies-1901/vomhof
"Züri Oberländer Sträusse, 8332 Russikon",https://www.hofsuche.schweizerbauern.ch/de/farm/zueri-oberlaender-straeusse-10803/vomhof
"Leutenegger Schafkäse , 8577 Schönholzerswilen",https://www.hofsuche.schweizerbauern.ch/de/farm/leutenegger-schafkaese-11735/vomhof
"Käsers Schloss AG, 5077 Elfingen",https://www.hofsuche.schweizerbauern.ch/de/farm/kaesers-schloss-ag-14423/vomhof
"Hubihof, 5454 Bellikon",https://www.hofsuche.schweizerbauern.ch/de/farm/hubihof-9896/vomhof
"Max Schwarz AG, 5234 Villigen",https://www.hofsuche.schweizerbauern.ch/de/farm/max-schwarz-ag-3458/vomhof
"Weingut Kilchsperger, 8416 Flaach",https://www.hofsuche.schweizerbauern.ch/de/farm/weingut-kilchsperger-13374/vomhof
"Christian Keller, 8124 Maur",https://www.hofsuche.schweizerbauern.ch/de/farm/christian-keller-13273/vomhof
"Biohof Fondli, 8953 Dietikon",https://www.hofsuche.schweizerbauern.ch/de/farm/biohof-fondli-9810/vomhof
"Schibli, 8636 Wald",https://www.hofsuche.schweizerbauern.ch/de/farm/schibli-10493/vomhof
"Biohof Püntacher, 8712 Stäfa",https://www.hofsuche.schweizerbauern.ch/de/farm/biohof-puentacher-14397/vomhof
"Hof Hoperen, 8606 Nänikon",https://www.hofsuche.schweizerbauern.ch/de/farm/hof-hoperen-14247/vomhof
"Im Zügnis, 8143 Stallikon",https://www.hofsuche.schweizerbauern.ch/de/farm/im-zuegnis-14200/vomhof
"Eichenberger Obst, 8248 Uhwiesen",https://www.hofsuche.schweizerbauern.ch/de/farm/eichenberger-obst-14243/vomhof
"Biohof Grund, 8906 Bonstetten",https://www.hofsuche.schweizerbauern.ch/de/farm/biohof-grund-13035/vomhof
"Leematt, 8926 Kappel am Albis",https://www.hofsuche.schweizerbauern.ch/de/farm/leematt-12996/vomhof
"Aussichtshof, 8625 Gossau",https://www.hofsuche.schweizerbauern.ch/de/farm/aussichtshof-12808/vomhof
"Hof Kirchbüel, 8706 Meilen",https://www.hofsuche.schweizerbauern.ch/de/farm/hof-kirchbueel-12998/vomhof
"Walder`s, 8630 Rüti",https://www.hofsuche.schweizerbauern.ch/de/farm/walder-s-12939/vomhof
"Biohof Maurer, 8132 Egg",https://www.hofsuche.schweizerbauern.ch/de/farm/biohof-maurer-12893/vomhof
"Hof Gerber, 8915 Hausen am Albis",https://www.hofsuche.schweizerbauern.ch/de/farm/hof-gerber-12830/vomhof
"Hof Hubhansen, 8636 Wald ZH",https://www.hofsuche.schweizerbauern.ch/de/farm/hof-hubhansen-13906/vomhof
"Hof Sonnenwies, 8497 Fischenthal",https://www.hofsuche.schweizerbauern.ch/de/farm/hof-sonnenwies-13876/vomhof
"Puur8825, 8825 Hütten",https://www.hofsuche.schweizerbauern.ch/de/farm/puur8825-13978/vomhof
"Früchtehof Kunz, 8627 Grüningen",https://www.hofsuche.schweizerbauern.ch/de/farm/fruechtehof-kunz-12818/vomhof
"Büelhof, 8545 Rickenbach Sulz",https://www.hofsuche.schweizerbauern.ch/de/farm/bueelhof-12827/vomhof
"Widenwald Hof, 8499 Sternenberg",https://www.hofsuche.schweizerbauern.ch/de/farm/widenwald-hof-12833/vomhof
"Staub'ä Hof, 8627 Grüningen",https://www.hofsuche.schweizerbauern.ch/de/farm/staub-ae-hof-13190/vomhof
"Hof Auental, 8413 Neftenbach",https://www.hofsuche.schweizerbauern.ch/de/farm/hof-auental-13888/vomhof
"Sonnenhof , 8330 Pfäffikon",https://www.hofsuche.schweizerbauern.ch/de/farm/sonnenhof-12770/vomhof
"Messikommer-Obst, 8615 Freudwil",https://www.hofsuche.schweizerbauern.ch/de/farm/messikommer-obst-12711/vomhof
"Maihof, 8635 Dürnten",https://www.hofsuche.schweizerbauern.ch/de/farm/maihof-12653/vomhof
"Schürmatt, 8932 Mettmenstetten",https://www.hofsuche.schweizerbauern.ch/de/farm/schuermatt-12594/vomhof
"Fabian's Hofladen , 8475 Ossingen",https://www.hofsuche.schweizerbauern.ch/de/farm/fabian-s-hofladen-13498/vomhof
"Hoflädeli Salvisberg, 8712 Stäfa",https://www.hofsuche.schweizerbauern.ch/de/farm/hoflaedeli-salvisberg-12475/vomhof
"Knack Frisch, 8103 Unterengstringen ",https://www.hofsuche.schweizerbauern.ch/de/farm/knack-frisch-13423/vomhof
"Seehalde Oberstammheim, 8477 Oberstammheim",https://www.hofsuche.schweizerbauern.ch/de/farm/seehalde-oberstammheim-13385/vomhof
"Tiergarten, 8164 Bachs",https://www.hofsuche.schweizerbauern.ch/de/farm/tiergarten-10911/vomhof
"Gantner Rebbau und Weine, 8193 Eglisau",https://www.hofsuche.schweizerbauern.ch/de/farm/gantner-rebbau-und-weine-10919/vomhof
"Biohof Guyer, 8607 Seegräben",https://www.hofsuche.schweizerbauern.ch/de/farm/biohof-guyer-10522/vomhof
"Tambelhof, 8704 Herrliberg",https://www.hofsuche.schweizerbauern.ch/de/farm/tambelhof-11629/vomhof
"Blumenfeld Brändli, 8820 Wädenswil",https://www.hofsuche.schweizerbauern.ch/de/farm/blumenfeld-braendli-12338/vomhof
"Stalder-Hof, 8904 Aesch",https://www.hofsuche.schweizerbauern.ch/de/farm/stalder-hof-11/vomhof
"Hofladen der Martin Stiftung, 8703 Erlenbach",https://www.hofsuche.schweizerbauern.ch/de/farm/hofladen-der-martin-stiftung-15132/vomhof
"Biohof Aegerten, 8634 Hombrechtikon",https://www.hofsuche.schweizerbauern.ch/de/farm/biohof-aegerten-14944/vomhof
"Wiesenreich, 8706 Meilen",https://www.hofsuche.schweizerbauern.ch/de/farm/wiesenreich-14918/vomhof
"Panoramahof , 8706 Meilen",https://www.hofsuche.schweizerbauern.ch/de/farm/panoramahof-14874/vomhof
"Guldenberg, 8424 Embrach",https://www.hofsuche.schweizerbauern.ch/de/farm/guldenberg-14875/vomhof
"Meier Weinbau, 8112 Otelfingen",https://www.hofsuche.schweizerbauern.ch/de/farm/meier-weinbau-14679/vomhof
"Hof Kappel 7, 8523 Hagenbuch",https://www.hofsuche.schweizerbauern.ch/de/farm/hof-kappel-7-14425/vomhof
"Neuhof, 8708 Männedorf",https://www.hofsuche.schweizerbauern.ch/de/farm/neuhof-13146/vomhof
"Beerstecher Hofladen, 8600 Dübendorf",https://www.hofsuche.schweizerbauern.ch/de/farm/beerstecher-hofladen-13021/vomhof
"Sidler's Hofladen, 8143 Stallikon",https://www.hofsuche.schweizerbauern.ch/de/farm/sidler-s-hofladen-13003/vomhof
"Flaacher Spargelhof Spaltenstein, 8416 Flaach",https://www.hofsuche.schweizerbauern.ch/de/farm/flaacher-spargelhof-spaltenstein-14082/vomhof
"Stöckli Ei AG, 8493 Saland",https://www.hofsuche.schweizerbauern.ch/de/farm/stoeckli-ei-ag-14098/vomhof
"Weber, 8602 Wangen bei Dübendorf",https://www.hofsuche.schweizerbauern.ch/de/farm/weber-14086/vomhof
"Frei's Hofladen, 8105 Watt",https://www.hofsuche.schweizerbauern.ch/de/farm/frei-s-hofladen-13009/vomhof
"Ruf  Obst - und  Weinbau, 8428 Teufen ZH",https://www.hofsuche.schweizerbauern.ch/de/farm/ruf-obst-und-weinbau-13773/vomhof
"Salenhof, 8162 Steinmaur",https://www.hofsuche.schweizerbauern.ch/de/farm/salenhof-14019/vomhof
"Rotenbirben, 8906 Bonstetten",https://www.hofsuche.schweizerbauern.ch/de/farm/rotenbirben-12806/vomhof
"Bio Hoflädeli, 8911 Rifferswil",https://www.hofsuche.schweizerbauern.ch/de/farm/bio-hoflaedeli-12802/vomhof
"Pfrundweid, 8620 Wetzikon",https://www.hofsuche.schweizerbauern.ch/de/farm/pfrundweid-12712/vomhof
"Zelglihof Tolhusen, 8352 Elsau",https://www.hofsuche.schweizerbauern.ch/de/farm/zelglihof-tolhusen-13595/vomhof
"Kümmerli-Hof, 8904 Aesch",https://www.hofsuche.schweizerbauern.ch/de/farm/kuemmerli-hof-13707/vomhof
"Looren-Hof, 8127 Forch",https://www.hofsuche.schweizerbauern.ch/de/farm/looren-hof-13698/vomhof
"Bühlhof, 8185 Winkel",https://www.hofsuche.schweizerbauern.ch/de/farm/buehlhof-12640/vomhof
"BioHof Weisserlen, 8824 Schönenberg",https://www.hofsuche.schweizerbauern.ch/de/farm/biohof-weisserlen-13598/vomhof
"Obstbau Jürg Schneider, 8706 Meilen",https://www.hofsuche.schweizerbauern.ch/de/farm/obstbau-juerg-schneider-13530/vomhof
"Bösch Frisch vom Hof, 8523 Hagenbuch",https://www.hofsuche.schweizerbauern.ch/de/farm/boesch-frisch-vom-hof-12481/vomhof
"Biohof Lützelsee, 8634 Hombrechtikon",https://www.hofsuche.schweizerbauern.ch/de/farm/biohof-luetzelsee-12397/vomhof
"Hofladen Goldacher , 8624 Grüt",https://www.hofsuche.schweizerbauern.ch/de/farm/hofladen-goldacher-12457/vomhof
"Kuhn-Bisikon, 8307 Effretikon",https://www.hofsuche.schweizerbauern.ch/de/farm/kuhn-bisikon-12455/vomhof
"Roggacherhof, 8127 Forch",https://www.hofsuche.schweizerbauern.ch/de/farm/roggacherhof-12440/vomhof
"Hans-Ueli Peter, 8544 Attikon",https://www.hofsuche.schweizerbauern.ch/de/farm/hans-ueli-peter-12433/vomhof
"Landwirtschaftsbetrieb Familie Greuter, 8545 Rickenbach",https://www.hofsuche.schweizerbauern.ch/de/farm/landwirtschaftsbetrieb-familie-greuter-13342/vomhof
"Hof Im Feld, 8615 Freudwil",https://www.hofsuche.schweizerbauern.ch/de/farm/hof-im-feld-12407/vomhof
"Erlenhof Lädeli, Gebr. Meier Gemüsekulturen AG, 8108 Dällikon",https://www.hofsuche.schweizerbauern.ch/de/farm/erlenhof-laedeli-gebr-meier-gemuesekulturen-ag-13362/vomhof
"Hof Hintermarchlen, 8426 Lufingen",https://www.hofsuche.schweizerbauern.ch/de/farm/hof-hintermarchlen-13383/vomhof
"Pfister Blumenfeld, 8606 Nänikon",https://www.hofsuche.schweizerbauern.ch/de/farm/pfister-blumenfeld-12384/vomhof
"Chrut & Rüebli, 8322 Madetswil",https://www.hofsuche.schweizerbauern.ch/de/farm/chrut-rueebli-12367/vomhof
"Wittwer’s Hoflädeli Summerhalde, 8352 Elsau",https://www.hofsuche.schweizerbauern.ch/de/farm/wittwer-s-hoflaedeli-summerhalde-12357/vomhof
"Gulmenhof, 8820  Wädenswil",https://www.hofsuche.schweizerbauern.ch/de/farm/gulmenhof-9631/vomhof
"Breitenmatt, 8344 Bäretswil",https://www.hofsuche.schweizerbauern.ch/de/farm/breitenmatt-9638/vomhof
"Weinbau Wetli, Männedorf, 8708 Männedorf",https://www.hofsuche.schweizerbauern.ch/de/farm/weinbau-wetli-maennedorf-9679/vomhof
"Chälli’s Hofladen Purnatur AG, 8548 Ellikon an der Thur",https://www.hofsuche.schweizerbauern.ch/de/farm/chaelli-s-hofladen-purnatur-ag-12114/vomhof
"Im Margler, 8105 Watt",https://www.hofsuche.schweizerbauern.ch/de/farm/im-margler-12088/vomhof
"Beat Gätzi, 8124 Maur",https://www.hofsuche.schweizerbauern.ch/de/farm/beat-gaetzi-12308/vomhof
"Chilehof, 8634 Hombrechtikon",https://www.hofsuche.schweizerbauern.ch/de/farm/chilehof-12138/vomhof
"hoflädeli Stadel, 8175 Windlach",https://www.hofsuche.schweizerbauern.ch/de/farm/hoflaedeli-stadel-12259/vomhof
"Underhus, 8495 Schmidrüti",https://www.hofsuche.schweizerbauern.ch/de/farm/underhus-12092/vomhof
"Hofgemeinschaft Weilenmann, 8414 Buch am Irchel",https://www.hofsuche.schweizerbauern.ch/de/farm/hofgemeinschaft-weilenmann-12000/vomhof
"martella-hof, 8460 Marthalen",https://www.hofsuche.schweizerbauern.ch/de/farm/martella-hof-9908/vomhof
"Jürg Hasler - Holzhusen, 8627 Grüningen",https://www.hofsuche.schweizerbauern.ch/de/farm/juerg-hasler-holzhusen-12118/vomhof
"Bio Oberschwandenhof, 8833 Samstagern",https://www.hofsuche.schweizerbauern.ch/de/farm/bio-oberschwandenhof-12091/vomhof
"Husemerhof, 8475 Ossingen",https://www.hofsuche.schweizerbauern.ch/de/farm/husemerhof-12178/vomhof
"Maerki's Hofladen, 8408 Winterthur",https://www.hofsuche.schweizerbauern.ch/de/farm/maerki-s-hofladen-10348/vomhof
"Loohof Regensberg, 8158 Regensberg",https://www.hofsuche.schweizerbauern.ch/de/farm/loohof-regensberg-12148/vomhof
"Berghof, 8108 Dällikon",https://www.hofsuche.schweizerbauern.ch/de/farm/berghof-10419/vomhof
"Sigi Buur, 8815 Horgenberg",https://www.hofsuche.schweizerbauern.ch/de/farm/sigi-buur-11065/vomhof
"Sunnacker, 8466 Trüllikon",https://www.hofsuche.schweizerbauern.ch/de/farm/sunnacker-10062/vomhof
"Moosbuur, 8498 Gibswil",https://www.hofsuche.schweizerbauern.ch/de/farm/moosbuur-11028/vomhof
"Zollinger's Hofladen, 8105 Watt",https://www.hofsuche.schweizerbauern.ch/de/farm/zollinger-s-hofladen-10968/vomhof
"Gachnang Milch, 8815  Horgenberg",https://www.hofsuche.schweizerbauern.ch/de/farm/gachnang-milch-10702/vomhof
"St. Annahof, 8477  Oberstammheim",https://www.hofsuche.schweizerbauern.ch/de/farm/st-annahof-9243/vomhof
"Eier-Buume, 8308 Illnau",https://www.hofsuche.schweizerbauern.ch/de/farm/eier-buume-10771/vomhof
"Tannenhof, 8302  Kloten",https://www.hofsuche.schweizerbauern.ch/de/farm/tannenhof-10988/vomhof
"Biopilze Schneebeli, 8912 Obfelden",https://www.hofsuche.schweizerbauern.ch/de/farm/biopilze-schneebeli-10914/vomhof
"Bollerfarm, 8133 Esslingen",https://www.hofsuche.schweizerbauern.ch/de/farm/bollerfarm-10829/vomhof
"Biohof-Corrodi, 8460 Marthalen",https://www.hofsuche.schweizerbauern.ch/de/farm/biohof-corrodi-10683/vomhof
"Hofladen-Anderegg, 8248 Uhwiesen",https://www.hofsuche.schweizerbauern.ch/de/farm/hofladen-anderegg-10695/vomhof
"Hofmanns-Hofladen, 8354 Hofstetten",https://www.hofsuche.schweizerbauern.ch/de/farm/hofmanns-hofladen-10938/vomhof
"Dändliker Obst & Beeren, 8634 Hombrechtikon",https://www.hofsuche.schweizerbauern.ch/de/farm/daendliker-obst-beeren-10778/vomhof
"Hof Girentobel, 8493 Saland",https://www.hofsuche.schweizerbauern.ch/de/farm/hof-girentobel-10783/vomhof
"GmüesPeter, 8465 Wildensbuch",https://www.hofsuche.schweizerbauern.ch/de/farm/gmueespeter-10709/vomhof
"Hof-Wiederkehr, 8603 Schwerzenbach",https://www.hofsuche.schweizerbauern.ch/de/farm/hof-wiederkehr-10848/vomhof
"Tannholz, 8468 Guntalingen",https://www.hofsuche.schweizerbauern.ch/de/farm/tannholz-9823/vomhof
"Langacherhof, 8630 Rüti",https://www.hofsuche.schweizerbauern.ch/de/farm/langacherhof-9795/vomhof
"Puurehof im Rüedi, 8427 Freienstein",https://www.hofsuche.schweizerbauern.ch/de/farm/puurehof-im-rueedi-9495/vomhof
"holzsterne.ch, 8925 Ebertswil",https://www.hofsuche.schweizerbauern.ch/de/farm/holzsterne-ch-9774/vomhof
"Hofwisen, 8545 Rickenbach",https://www.hofsuche.schweizerbauern.ch/de/farm/hofwisen-9749/vomhof
"Heidihof, 8617 Mönchaltorf",https://www.hofsuche.schweizerbauern.ch/de/farm/heidihof-9577/vomhof
"Betrieb Weilenmann, 8544 Attikon",https://www.hofsuche.schweizerbauern.ch/de/farm/betrieb-weilenmann-9648/vomhof
"Räss Wildbeeren AG, 8463 Benken",https://www.hofsuche.schweizerbauern.ch/de/farm/raess-wildbeeren-ag-9213/vomhof
"Wellenauerhof, 8494 Bauma",https://www.hofsuche.schweizerbauern.ch/de/farm/wellenauerhof-9665/vomhof
"WeinGut Zuber, 8465 Rudolfingen",https://www.hofsuche.schweizerbauern.ch/de/farm/weingut-zuber-9533/vomhof
"Biohof Lüssi, 8488 Turbenthal",https://www.hofsuche.schweizerbauern.ch/de/farm/biohof-luessi-9541/vomhof
"Bauernhof Familie Müller, 8104 Weiningen",https://www.hofsuche.schweizerbauern.ch/de/farm/bauernhof-familie-mueller-9359/vomhof
"Zelg, 8634 Hombrechtikon",https://www.hofsuche.schweizerbauern.ch/de/farm/zelg-9514/vomhof
"Altorfer Haldengut , 8152 Opfikon",https://www.hofsuche.schweizerbauern.ch/de/farm/altorfer-haldengut-9345/vomhof
"Bauernhof Stöckweid, 8934 Knonau",https://www.hofsuche.schweizerbauern.ch/de/farm/bauernhof-stoeckweid-9299/vomhof
"Rebhof, 8475 Ossingen",https://www.hofsuche.schweizerbauern.ch/de/farm/rebhof-9269/vomhof
"Fürstliche Grünspargeln, 8617 Mönchaltorf",https://www.hofsuche.schweizerbauern.ch/de/farm/fuerstliche-gruenspargeln-9288/vomhof
"Biohof Hittenberg, 8636 Wald",https://www.hofsuche.schweizerbauern.ch/de/farm/biohof-hittenberg-9258/vomhof
"Moosbrunnen, 8426 Lufingen",https://www.hofsuche.schweizerbauern.ch/de/farm/moosbrunnen-9189/vomhof
"Betrieb  zur Morgensonne, 8477 Oberstammheim",https://www.hofsuche.schweizerbauern.ch/de/farm/betrieb-zur-morgensonne-9188/vomhof
"Lindenmann, 8605 Gutenswil",https://www.hofsuche.schweizerbauern.ch/de/farm/lindenmann-9167/vomhof
"Kupper`s Hoflädeli, 8353 Elgg",https://www.hofsuche.schweizerbauern.ch/de/farm/kupper-s-hoflaedeli-9165/vomhof
"Obst und Beeren, 8820 Wädenswil",https://www.hofsuche.schweizerbauern.ch/de/farm/obst-und-beeren-9163/vomhof
"höflich.ch, 8425 Oberembrach",https://www.hofsuche.schweizerbauern.ch/de/farm/hoeflich-ch-9161/vomhof
"fruchtig frisch - oswald, 8630 Rüti",https://www.hofsuche.schweizerbauern.ch/de/farm/fruchtig-frisch-oswald-9160/vomhof
"Müllerhof, 8124 Maur",https://www.hofsuche.schweizerbauern.ch/de/farm/muellerhof-9159/vomhof
"Thurlandbio, 8450 Andelfingen",https://www.hofsuche.schweizerbauern.ch/de/farm/thurlandbio-9143/vomhof
"Hof Wyden, 8428 Teufen",https://www.hofsuche.schweizerbauern.ch/de/farm/hof-wyden-9119/vomhof
"Bruggbüel, 8466 Trüllikon",https://www.hofsuche.schweizerbauern.ch/de/farm/bruggbueel-9059/vomhof
"FENNER Landwirtschaft, 8468 Waltalingen",https://www.hofsuche.schweizerbauern.ch/de/farm/fenner-landwirtschaft-9025/vomhof
"Hof Wirth, 8166 Niederweningen",https://www.hofsuche.schweizerbauern.ch/de/farm/hof-wirth-9000/vomhof
"MARTIN-Agro GmbH, 8442 Hettlingen",https://www.hofsuche.schweizerbauern.ch/de/farm/martin-agro-gmbh-8995/vomhof
"Herzog Hofacker, 8543 Gundetswil",https://www.hofsuche.schweizerbauern.ch/de/farm/herzog-hofacker-8996/vomhof
"Geissehof Bäretswil, 8344 Bäretswil",https://www.hofsuche.schweizerbauern.ch/de/farm/geissehof-baeretswil-8982/vomhof
"Brestenegg, 8816 Hirzel",https://www.hofsuche.schweizerbauern.ch/de/farm/brestenegg-8953/vomhof
"Strohhof, 8108 Dällikon",https://www.hofsuche.schweizerbauern.ch/de/farm/strohhof-8851/vomhof
"Biohof-Wattwil, 5462 Siglistorf",https://www.hofsuche.schweizerbauern.ch/de/farm/biohof-wattwil-8849/vomhof
"Hof Frei, 8548 Ellikon an der Thur",https://www.hofsuche.schweizerbauern.ch/de/farm/hof-frei-8846/vomhof
"Waldhof, 8463 Benken",https://www.hofsuche.schweizerbauern.ch/de/farm/waldhof-8826/vomhof
"Brändli Obst- und Weinbau, Oberort, 8804 Au",https://www.hofsuche.schweizerbauern.ch/de/farm/braendli-obst-und-weinbau-oberort-8825/vomhof
"Bieri-Hof, Luegisland, 8484 Weisslingen",https://www.hofsuche.schweizerbauern.ch/de/farm/bieri-hof-luegisland-8820/vomhof
"Hoflädeli Isliker, 8352 Ricketwil",https://www.hofsuche.schweizerbauern.ch/de/farm/hoflaedeli-isliker-8755/vomhof
"Neuegg-Beef, 8340 Hinwil",https://www.hofsuche.schweizerbauern.ch/de/farm/neuegg-beef-8523/vomhof
"Schwarzenbach, 8815 Horgenberg",https://www.hofsuche.schweizerbauern.ch/de/farm/schwarzenbach-8479/vomhof
"Bräm, 8953 Dietikon",https://www.hofsuche.schweizerbauern.ch/de/farm/braem-8481/vomhof
"Aeppli, 8820 Wädenswil",https://www.hofsuche.schweizerbauern.ch/de/farm/aeppli-8462/vomhof
"Steinerthof, 8193 Eglisau",https://www.hofsuche.schweizerbauern.ch/de/farm/steinerthof-8455/vomhof
"Suter, 8542 Wiesendangen",https://www.hofsuche.schweizerbauern.ch/de/farm/suter-8450/vomhof
"Hof Rellsten, 8344 Bäretswil",https://www.hofsuche.schweizerbauern.ch/de/farm/hof-rellsten-10729/vomhof
"Radhof, 8460 Marthalen",https://www.hofsuche.schweizerbauern.ch/de/farm/radhof-8448/vomhof
"Lindenhof Baltenswil, 8303 Bassersdorf",https://www.hofsuche.schweizerbauern.ch/de/farm/lindenhof-baltenswil-8346/vomhof
"SlowGrow's Eichhof, 8617  Mönchaltorf",https://www.hofsuche.schweizerbauern.ch/de/farm/slowgrow-s-eichhof-9257/vomhof
"Rellstab Obstbau, 8820 Wädenswil",https://www.hofsuche.schweizerbauern.ch/de/farm/rellstab-obstbau-9219/vomhof
"Schneider, 8610 Uster",https://www.hofsuche.schweizerbauern.ch/de/farm/schneider-8250/vomhof
"Alpwirtschaft Schnurrberg, 8488 Turbenthal",https://www.hofsuche.schweizerbauern.ch/de/farm/alpwirtschaft-schnurrberg-10707/vomhof
"Weingut Diederik, 8700 Küsnacht",https://www.hofsuche.schweizerbauern.ch/de/farm/weingut-diederik-10664/vomhof
"Hof Hess Laupetswil, 8344 Bäretswil",https://www.hofsuche.schweizerbauern.ch/de/farm/hof-hess-laupetswil-10624/vomhof
"Mit härz gmacht, 8344 Bäretswil",https://www.hofsuche.schweizerbauern.ch/de/farm/mit-haerz-gmacht-10463/vomhof
"Schnasbergerhof, 8352 Elsau",https://www.hofsuche.schweizerbauern.ch/de/farm/schnasbergerhof-7979/vomhof
"Salihof- Hofladen, 8335 Hittnau",https://www.hofsuche.schweizerbauern.ch/de/farm/salihof-hofladen-10498/vomhof
"Römerhof, 8545 Rickenbach",https://www.hofsuche.schweizerbauern.ch/de/farm/roemerhof-10746/vomhof
"Bergstrasse 17, 8424 Embrach",https://www.hofsuche.schweizerbauern.ch/de/farm/bergstrasse-17-10692/vomhof
"Grob's Hofladen, 8902 Urdorf",https://www.hofsuche.schweizerbauern.ch/de/farm/grob-s-hofladen-8159/vomhof
"Biohof Waldegg, 8424 Embrach",https://www.hofsuche.schweizerbauern.ch/de/farm/biohof-waldegg-10663/vomhof
"Biohof Blatten, 8133 Esslingen",https://www.hofsuche.schweizerbauern.ch/de/farm/biohof-blatten-10625/vomhof
"Bänninger Obstbau, 8425 Oberembrach",https://www.hofsuche.schweizerbauern.ch/de/farm/baenninger-obstbau-10615/vomhof
"Nef-naturbuur, 8618 Oetwil am See",https://www.hofsuche.schweizerbauern.ch/de/farm/nef-naturbuur-10611/vomhof
"Hanfhof, 8322 Madetswil",https://www.hofsuche.schweizerbauern.ch/de/farm/hanfhof-10524/vomhof
"Hopfengut, 8476 Unterstammheim",https://www.hofsuche.schweizerbauern.ch/de/farm/hopfengut-7991/vomhof
"Lamprecht Wein- und Obstbau, 8193 Eglisau",https://www.hofsuche.schweizerbauern.ch/de/farm/lamprecht-wein-und-obstbau-10415/vomhof
"hofzurmatte, 8810 Horgen",https://www.hofsuche.schweizerbauern.ch/de/farm/hofzurmatte-10402/vomhof
"Wolfwingertenhof, 8444 Henggart",https://www.hofsuche.schweizerbauern.ch/de/farm/wolfwingertenhof-7966/vomhof
"Bernalten, 8165 Schleinikon",https://www.hofsuche.schweizerbauern.ch/de/farm/bernalten-10248/vomhof
"Stallstube Riethof, 8447 Dachsen",https://www.hofsuche.schweizerbauern.ch/de/farm/stallstube-riethof-10428/vomhof
"Berghofranch, 8952 Schlieren",https://www.hofsuche.schweizerbauern.ch/de/farm/berghofranch-10422/vomhof
"Seehof, 8488 Turbenthal",https://www.hofsuche.schweizerbauern.ch/de/farm/seehof-10400/vomhof
"Lindeberg, 8484 Weisslingen",https://www.hofsuche.schweizerbauern.ch/de/farm/lindeberg-10383/vomhof
"Wylandhof, 8444 Henggart",https://www.hofsuche.schweizerbauern.ch/de/farm/wylandhof-10399/vomhof
"Haab Gemüse, Obst u. Beeren, 8820 Wädenswil",https://www.hofsuche.schweizerbauern.ch/de/farm/haab-gemuese-obst-u-beeren-10244/vomhof
"Wachtelmichel, 8602 Wangen ",https://www.hofsuche.schweizerbauern.ch/de/farm/wachtelmichel-10237/vomhof
"Müllers Buurelädeli, 8906 Bonstetten",https://www.hofsuche.schweizerbauern.ch/de/farm/muellers-buurelaedeli-10332/vomhof
"Bachofen Obstbau, 8124 Maur",https://www.hofsuche.schweizerbauern.ch/de/farm/bachofen-obstbau-10054/vomhof
"Schellenberg Gemüsebau, 8162 Steinmaur",https://www.hofsuche.schweizerbauern.ch/de/farm/schellenberg-gemuesebau-10142/vomhof
"Riedhof, 8488 Turbenthal",https://www.hofsuche.schweizerbauern.ch/de/farm/riedhof-9843/vomhof
"Mis Höfli, 8542 Wiesendangen",https://www.hofsuche.schweizerbauern.ch/de/farm/mis-hoefli-10300/vomhof
"Rüebgarten, 8816 Hirzel",https://www.hofsuche.schweizerbauern.ch/de/farm/rueebgarten-9875/vomhof
"Biohof Reichert, 8487 Zell",https://www.hofsuche.schweizerbauern.ch/de/farm/biohof-reichert-10328/vomhof
"Katzenrütihof, 8153 Rümlang",https://www.hofsuche.schweizerbauern.ch/de/farm/katzenruetihof-9610/vomhof
"Neuhof, 8543 Gundetswil bei Wiesendangen",https://www.hofsuche.schweizerbauern.ch/de/farm/neuhof-9731/vomhof
"Möhrenhof, 8902 Urdorf",https://www.hofsuche.schweizerbauern.ch/de/farm/moehrenhof-10303/vomhof
"Stucki-Hof, 8471 Oberwil",https://www.hofsuche.schweizerbauern.ch/de/farm/stucki-hof-5196/vomhof
"Bleiki-Hofladen, 8906 Bonstetten",https://www.hofsuche.schweizerbauern.ch/de/farm/bleiki-hofladen-3497/vomhof
"Joggelihof, 8543 Bertschikon",https://www.hofsuche.schweizerbauern.ch/de/farm/joggelihof-10197/vomhof
"Wydhof, 8416 Flaach",https://www.hofsuche.schweizerbauern.ch/de/farm/wydhof-10179/vomhof
"Feldhof, 8155 Niederhasli",https://www.hofsuche.schweizerbauern.ch/de/farm/feldhof-9887/vomhof
"Stammheimer Hopfentropfen, 8476 Unterstammheim",https://www.hofsuche.schweizerbauern.ch/de/farm/stammheimer-hopfentropfen-10155/vomhof
"Lettenberg, 8487 Zell",https://www.hofsuche.schweizerbauern.ch/de/farm/lettenberg-10144/vomhof
"GsteinRanch, 8608 Bubikon",https://www.hofsuche.schweizerbauern.ch/de/farm/gsteinranch-9572/vomhof
"Appenzeller-Hof, 8330 Pfäffikon",https://www.hofsuche.schweizerbauern.ch/de/farm/appenzeller-hof-9807/vomhof
"Suters Hofmärt, 8904 Aesch",https://www.hofsuche.schweizerbauern.ch/de/farm/suters-hofmaert-1258/vomhof
"BIOHOF TROTTENGARTEN, 8477 Oberstammheim",https://www.hofsuche.schweizerbauern.ch/de/farm/biohof-trottengarten-9733/vomhof
"Stähli Hof , 8322 Gündisau",https://www.hofsuche.schweizerbauern.ch/de/farm/staehli-hof-1200/vomhof
"Bergerhof, 8124 Maur",https://www.hofsuche.schweizerbauern.ch/de/farm/bergerhof-1202/vomhof
"Hof Winterhalden, 8635 Dürnten",https://www.hofsuche.schweizerbauern.ch/de/farm/hof-winterhalden-1198/vomhof
"Miriams Hofladen, 8450 Andelfingen",https://www.hofsuche.schweizerbauern.ch/de/farm/miriams-hofladen-9859/vomhof
"Im Sali, 8175 Windlach",https://www.hofsuche.schweizerbauern.ch/de/farm/im-sali-9891/vomhof
"Hof Steinmann, 8548 Ellikon an der Thur",https://www.hofsuche.schweizerbauern.ch/de/farm/hof-steinmann-3477/vomhof
"Hofladen team-grab, 8450 Andelfingen",https://www.hofsuche.schweizerbauern.ch/de/farm/hofladen-team-grab-3424/vomhof
"Feldhof, 8152 Opfikon",https://www.hofsuche.schweizerbauern.ch/de/farm/feldhof-836/vomhof
"Rickenbach, 8636 Wald",https://www.hofsuche.schweizerbauern.ch/de/farm/rickenbach-819/vomhof
"Jucker Farm AG, Juckerhof, 8607 Seegräben",https://www.hofsuche.schweizerbauern.ch/de/farm/jucker-farm-ag-juckerhof-811/vomhof
"Getreidedeko-Hof, 8933 Maschwanden",https://www.hofsuche.schweizerbauern.ch/de/farm/getreidedeko-hof-807/vomhof
"Hürlimann, 8543 Kefikon",https://www.hofsuche.schweizerbauern.ch/de/farm/huerlimann-803/vomhof
"Bachmann Attikon, 8544 Attikon",https://www.hofsuche.schweizerbauern.ch/de/farm/bachmann-attikon-799/vomhof
"Hunziker Obstbau, 8714 Feldbach",https://www.hofsuche.schweizerbauern.ch/de/farm/hunziker-obstbau-789/vomhof
"Im Schinderbüel, 8182 Hochfelden",https://www.hofsuche.schweizerbauern.ch/de/farm/im-schinderbueel-3303/vomhof
"Geigelmooshof, 8114 Dänikon",https://www.hofsuche.schweizerbauern.ch/de/farm/geigelmooshof-3297/vomhof
"Chätschhof, 8153 Rümlang",https://www.hofsuche.schweizerbauern.ch/de/farm/chaetschhof-2530/vomhof
"Steinacher, 8804 Au ZH",https://www.hofsuche.schweizerbauern.ch/de/farm/steinacher-573/vomhof
"Hof Hüttenacher, 8712 Stäfa",https://www.hofsuche.schweizerbauern.ch/de/farm/hof-huettenacher-315/vomhof
"Turmgut Erlenbach, 8706 Meilen",https://www.hofsuche.schweizerbauern.ch/de/farm/turmgut-erlenbach-183/vomhof
"Highlanderhof -Scherer-Burch Fälmis, 8494 Bauma",https://www.hofsuche.schweizerbauern.ch/de/farm/highlanderhof-scherer-burch-faelmis-117/vomhof
"Breitacher, 8340 Hinwil",https://www.hofsuche.schweizerbauern.ch/de/farm/breitacher-69/vomhof
"Bodengut, 8340 Hinwil",https://www.hofsuche.schweizerbauern.ch/de/farm/bodengut-2064/vomhof
"Hof Wildsberg, 8606 Greifensee",https://www.hofsuche.schweizerbauern.ch/de/farm/hof-wildsberg-49/vomhof
"Gumpi, 8816 Hirzel",https://www.hofsuche.schweizerbauern.ch/de/farm/gumpi-2015/vomhof
"Rietmühle, 8468 Waltalingen",https://www.hofsuche.schweizerbauern.ch/de/farm/rietmuehle-1994/vomhof
"SennHOFLADEN, 8332 Russikon",https://www.hofsuche.schweizerbauern.ch/de/farm/sennhofladen-1989/vomhof
"Wegmann, 8450 Andelfingen",https://www.hofsuche.schweizerbauern.ch/de/farm/wegmann-1988/vomhof
"Allenwinden, 8926 Kappel am Albis",https://www.hofsuche.schweizerbauern.ch/de/farm/allenwinden-1981/vomhof
"Bungerthof, 8421 Dättlikon",https://www.hofsuche.schweizerbauern.ch/de/farm/bungerthof-1971/vomhof
"Puurelädeli GG Schuppisser, 8172 Niederglatt",https://www.hofsuche.schweizerbauern.ch/de/farm/puurelaedeli-gg-schuppisser-1972/vomhof
"Bluemehof, 8824 Schönenberg",https://www.hofsuche.schweizerbauern.ch/de/farm/bluemehof-1923/vomhof
"Brunnackerhof, 8492 Wila",https://www.hofsuche.schweizerbauern.ch/de/farm/brunnackerhof-1918/vomhof
"BEEF-RANCH, 8304 Wallisellen",https://www.hofsuche.schweizerbauern.ch/de/farm/beef-ranch-1914/vomhof
"Tumigerhof, 8606 Greifensee",https://www.hofsuche.schweizerbauern.ch/de/farm/tumigerhof-1908/vomhof
"Sunnehof Lädeli, 8113 Boppelsen",https://www.hofsuche.schweizerbauern.ch/de/farm/sunnehof-laedeli-1902/vomhof
"Bioweber, 8913 Ottenbach",https://www.hofsuche.schweizerbauern.ch/de/farm/bioweber-1889/vomhof
"stuckiwein, 8428 Teufen",https://www.hofsuche.schweizerbauern.ch/de/farm/stuckiwein-1861/vomhof
"Bauernhof-Strasser, 8463 Benken",https://www.hofsuche.schweizerbauern.ch/de/farm/bauernhof-strasser-1848/vomhof
"Rüeggagasul, 8308 Agasul",https://www.hofsuche.schweizerbauern.ch/de/farm/rueeggagasul-1846/vomhof
"Hof-Eigental, 8415 Berg am Irchel",https://www.hofsuche.schweizerbauern.ch/de/farm/hof-eigental-12009/vomhof
"Liebensberg, 8543 Bertschikon",https://www.hofsuche.schweizerbauern.ch/de/farm/liebensberg-1840/vomhof
"Hof Hinterburg, 8706 Meilen",https://www.hofsuche.schweizerbauern.ch/de/farm/hof-hinterburg-1830/vomhof
"Aegerten Hirzel, 8816 Hirzel",https://www.hofsuche.schweizerbauern.ch/de/farm/aegerten-hirzel-1825/vomhof
"Eichwaldhof, 8309 Nürensdorf",https://www.hofsuche.schweizerbauern.ch/de/farm/eichwaldhof-1815/vomhof
"Imkerei & Hof Lenggenhager, 8494 Bauma",https://www.hofsuche.schweizerbauern.ch/de/farm/imkerei-hof-lenggenhager-12046/vomhof
"Sandra Baumann's Weingemeinschaft , 8196 Wil",https://www.hofsuche.schweizerbauern.ch/de/farm/sandra-baumann-s-weingemeinschaft-12055/vomhof
"Bruederhof, 8184 Bachenbülach",https://www.hofsuche.schweizerbauern.ch/de/farm/bruederhof-11996/vomhof
"Lindenhof, 8632 Tann",https://www.hofsuche.schweizerbauern.ch/de/farm/lindenhof-1569/vomhof
"Hof Egli, 8162 Steinmaur",https://www.hofsuche.schweizerbauern.ch/de/farm/hof-egli-1568/vomhof
"Hof Maag Schachen, 8192 Glattfelden",https://www.hofsuche.schweizerbauern.ch/de/farm/hof-maag-schachen-1566/vomhof
"Biohof Gaberthüel, 8460 Marthalen",https://www.hofsuche.schweizerbauern.ch/de/farm/biohof-gaberthueel-11948/vomhof
"LänggerHof, 8108 Dällikon",https://www.hofsuche.schweizerbauern.ch/de/farm/laenggerhof-11865/vomhof
"Luppmenhof, 8320 Fehraltorf",https://www.hofsuche.schweizerbauern.ch/de/farm/luppmenhof-11742/vomhof
"Arterfarm, 8484 Weisslingen",https://www.hofsuche.schweizerbauern.ch/de/farm/arterfarm-11723/vomhof
"Weber's Hof, 8125 Zollikerberg",https://www.hofsuche.schweizerbauern.ch/de/farm/weber-s-hof-11625/vomhof
"Hof Frei, 8104 Weiningen",https://www.hofsuche.schweizerbauern.ch/de/farm/hof-frei-11651/vomhof
"Ritterhaushof, 8608 Bubikon",https://www.hofsuche.schweizerbauern.ch/de/farm/ritterhaushof-11085/vomhof
"Hess Obstbau, 8634 Hombrechtikon",https://www.hofsuche.schweizerbauern.ch/de/farm/hess-obstbau-11560/vomhof
"Gisenrütihof, 8820 Wädenswil",https://www.hofsuche.schweizerbauern.ch/de/farm/gisenruetihof-11249/vomhof
"hof-schellenberg, 8165 Schleinikon",https://www.hofsuche.schweizerbauern.ch/de/farm/hof-schellenberg-11519/vomhof
"Dörflihof, 8192 Zweidlen",https://www.hofsuche.schweizerbauern.ch/de/farm/doerflihof-11506/vomhof
"Spargelhof , 8197  Rafz",https://www.hofsuche.schweizerbauern.ch/de/farm/spargelhof-11414/vomhof
"Hof Rafzerberg, 8197 Rafz",https://www.hofsuche.schweizerbauern.ch/de/farm/hof-rafzerberg-11441/vomhof
"Biohof Zollinger, 8124 Maur",https://www.hofsuche.schweizerbauern.ch/de/farm/biohof-zollinger-11335/vomhof
"Mosterei Hürlimann, 8615 Freudwil",https://www.hofsuche.schweizerbauern.ch/de/farm/mosterei-huerlimann-11350/vomhof
"Chramen, 8634 Hombrechtikon",https://www.hofsuche.schweizerbauern.ch/de/farm/chramen-11316/vomhof
"Hohbüel, 8353 Elgg",https://www.hofsuche.schweizerbauern.ch/de/farm/hohbueel-11268/vomhof
"Spaltenstein Christbaumkulturen, 8302 Kloten",https://www.hofsuche.schweizerbauern.ch/de/farm/spaltenstein-christbaumkulturen-11135/vomhof
"Hof Fulau, 8352 Elsau",https://www.hofsuche.schweizerbauern.ch/de/farm/hof-fulau-11131/vomhof
"Bayer s Gmüeslädeli, 8600 Dübendorf",https://www.hofsuche.schweizerbauern.ch/de/farm/bayer-s-gmueeslaedeli-10946/vomhof
"Ogg The Farmer GmbH, 8105 Watt",https://www.hofsuche.schweizerbauern.ch/de/farm/ogg-the-farmer-gmbh-10631/vomhof
"SCHAFPUR, 8932 Mettmenstetten",https://www.hofsuche.schweizerbauern.ch/de/farm/schafpur-10352/vomhof
"Iserig Hof , 8132 Hinteregg",https://www.hofsuche.schweizerbauern.ch/de/farm/iserig-hof-10216/vomhof
"Alpenhof, 8180 Bülach",https://www.hofsuche.schweizerbauern.ch/de/farm/alpenhof-11102/vomhof
"Tösstaler Christbäume, 8488 Turbenthal",https://www.hofsuche.schweizerbauern.ch/de/farm/toesstaler-christbaeume-11101/vomhof
"Weinland-Christbaum, 8453 Alten",https://www.hofsuche.schweizerbauern.ch/de/farm/weinland-christbaum-9640/vomhof
"Hoflade Schür, 8330 Pfäffikon",https://www.hofsuche.schweizerbauern.ch/de/farm/hoflade-schuer-11088/vomhof
"Bumä's Hoflädeli, 8471 Berg (Dägerlen)",https://www.hofsuche.schweizerbauern.ch/de/farm/bumae-s-hoflaedeli-11099/vomhof
"Chrinnehof, 8636 Wald",https://www.hofsuche.schweizerbauern.ch/de/farm/chrinnehof-6828/vomhof
"Hoflädeli Allegra, 8626 Ottikon (Gossau)",https://www.hofsuche.schweizerbauern.ch/de/farm/hoflaedeli-allegra-10269/vomhof
"Nadine und Stefan Leu, 8466 Trüllikon",https://www.hofsuche.schweizerbauern.ch/de/farm/nadine-und-stefan-leu-9682/vomhof
"Panoramahof Boldern, 8708 Männedorf",https://www.hofsuche.schweizerbauern.ch/de/farm/panoramahof-boldern-9639/vomhof
"Puurelädeli Seeweid, 8634 Hombrechtikon",https://www.hofsuche.schweizerbauern.ch/de/farm/puurelaedeli-seeweid-9751/vomhof
"Hof Wolfenberg , 8426 Lufingen",https://www.hofsuche.schweizerbauern.ch/de/farm/hof-wolfenberg-10002/vomhof
"Bopp, 8115 Hüttikon",https://www.hofsuche.schweizerbauern.ch/de/farm/bopp-9982/vomhof
"Dürstelenstrasse, 8335 Hittnau",https://www.hofsuche.schweizerbauern.ch/de/farm/duerstelenstrasse-1255/vomhof
"Korrodihof, 8634 Hombrechtikon",https://www.hofsuche.schweizerbauern.ch/de/farm/korrodihof-1247/vomhof
"Hof Betzental, 8424 Embrach",https://www.hofsuche.schweizerbauern.ch/de/farm/hof-betzental-1240/vomhof
"Demeterhof Breitlen, 8634 Hombrechtikon",https://www.hofsuche.schweizerbauern.ch/de/farm/demeterhof-breitlen-9494/vomhof
"Ribi-Hof, 8459 Volken",https://www.hofsuche.schweizerbauern.ch/de/farm/ribi-hof-9879/vomhof
"Bosshard's BioHof, 8618 Oetwil am See",https://www.hofsuche.schweizerbauern.ch/de/farm/bosshard-s-biohof-9632/vomhof
"Bauernhof im Laufen, 8447 Dachsen",https://www.hofsuche.schweizerbauern.ch/de/farm/bauernhof-im-laufen-9321/vomhof
"Partyhof, 8354 Dickbuch",https://www.hofsuche.schweizerbauern.ch/de/farm/partyhof-3434/vomhof
"Lurwies, 8132 Egg",https://www.hofsuche.schweizerbauern.ch/de/farm/lurwies-837/vomhof
"Bachlenhof, 8124 Maur",https://www.hofsuche.schweizerbauern.ch/de/farm/bachlenhof-3410/vomhof
"Sturzis Buurehof, 8404 Reutlingen",https://www.hofsuche.schweizerbauern.ch/de/farm/sturzis-buurehof-3384/vomhof
"Seeholz Farm, 8105 Watt",https://www.hofsuche.schweizerbauern.ch/de/farm/seeholz-farm-3368/vomhof
"Froh Ussicht, 8833 Samstagern",https://www.hofsuche.schweizerbauern.ch/de/farm/froh-ussicht-791/vomhof
"Schibli's Hofladen (Auf Wolfen), 8112 Otelfingen",https://www.hofsuche.schweizerbauern.ch/de/farm/schibli-s-hofladen-auf-wolfen-735/vomhof
"Schluchtalhof, 8820 Wädenswil",https://www.hofsuche.schweizerbauern.ch/de/farm/schluchtalhof-658/vomhof
"Biohof zum Frohberg, 8133 Esslingen",https://www.hofsuche.schweizerbauern.ch/de/farm/biohof-zum-frohberg-605/vomhof
"Aebli-Liechti, 8123 Ebmatingen",https://www.hofsuche.schweizerbauern.ch/de/farm/aebli-liechti-487/vomhof
"Grüthof, 8465 Wildensbuch",https://www.hofsuche.schweizerbauern.ch/de/farm/gruethof-300/vomhof
"Hof Müselacher, 8614 Bertschikon",https://www.hofsuche.schweizerbauern.ch/de/farm/hof-mueselacher-97/vomhof
"THURHOF.CH, 8475 Ossingen",https://www.hofsuche.schweizerbauern.ch/de/farm/thurhof-ch-72/vomhof
"Weingut zum Frohhof, 8413 Neftenbach",https://www.hofsuche.schweizerbauern.ch/de/farm/weingut-zum-frohhof-71/vomhof
"Hof Wiesengrund, 8154 Oberglatt",https://www.hofsuche.schweizerbauern.ch/de/farm/hof-wiesengrund-46/vomhof
"Sylvia's Bäsebeiz/Hofladen, 8805 Richterswil",https://www.hofsuche.schweizerbauern.ch/de/farm/sylvia-s-baesebeiz-hofladen-2024/vomhof
"buurehoferb, 8459 Volken",https://www.hofsuche.schweizerbauern.ch/de/farm/buurehoferb-1991/vomhof
"biolandbau guggenbüel, 8308 Illnau",https://www.hofsuche.schweizerbauern.ch/de/farm/biolandbau-guggenbueel-8/vomhof
"Müller Steinmaur, 8162 Steinmaur",https://www.hofsuche.schweizerbauern.ch/de/farm/mueller-steinmaur-1949/vomhof
"BiO-HOFWERK WiLEN, 8525 Wilen bei Neunforn",https://www.hofsuche.schweizerbauern.ch/de/farm/bio-hofwerk-wilen-12102/vomhof
"Elliker Obst & Beeren, 8162 Steinmaur",https://www.hofsuche.schweizerbauern.ch/de/farm/elliker-obst-beeren-1841/vomhof
"Hofladen Dinhard, 8474 Dinhard",https://www.hofsuche.schweizerbauern.ch/de/farm/hofladen-dinhard-1827/vomhof
"Bamert's Hochlandrinder, 8636 Wald",https://www.hofsuche.schweizerbauern.ch/de/farm/bamert-s-hochlandrinder-11547/vomhof
"Huebhof, 8492 Wila",https://www.hofsuche.schweizerbauern.ch/de/farm/huebhof-11769/vomhof
"Fuster Fleischspezialitäten, 8488 Turbenthal",https://www.hofsuche.schweizerbauern.ch/de/farm/fuster-fleischspezialitaeten-1800/vomhof
"Biohof Birch5, 8340 Hinwil",https://www.hofsuche.schweizerbauern.ch/de/farm/biohof-birch5-11883/vomhof
"Hauser / Binder Widmen 22, 8634 Hombrechtikon",https://www.hofsuche.schweizerbauern.ch/de/farm/hauser-binder-widmen-22-11941/vomhof
"Eberhard-Hasel-Hombrechtikon, 8634 Hombrechtikon",https://www.hofsuche.schweizerbauern.ch/de/farm/eberhard-hasel-hombrechtikon-12026/vomhof
"BG Grob Schmid, 8543 Bertschikon",https://www.hofsuche.schweizerbauern.ch/de/farm/bg-grob-schmid-12022/vomhof
"Husacher, 8424 Embrach",https://www.hofsuche.schweizerbauern.ch/de/farm/husacher-11929/vomhof
"Kappeler , 8544 Attikon",https://www.hofsuche.schweizerbauern.ch/de/farm/kappeler-11957/vomhof
"Unterwagenburg, 8425 Oberembrach",https://www.hofsuche.schweizerbauern.ch/de/farm/unterwagenburg-11911/vomhof
"Bahn-Hof, 8468 Guntalingen",https://www.hofsuche.schweizerbauern.ch/de/farm/bahn-hof-11765/vomhof
"Obholzerstübli, 8309 Nürensdorf",https://www.hofsuche.schweizerbauern.ch/de/farm/obholzerstuebli-1579/vomhof
"Schlattgut, 8704 Herrliberg",https://www.hofsuche.schweizerbauern.ch/de/farm/schlattgut-1433/vomhof
